sample.id,allele1,allele2,prob
HG00096,KIR3DL1*00201,KIR3DL1*00401,0.875573994147936
HG00097,KIR3DL1*00201,KIR3DL1*01502,0.933844426419769
HG00099,KIR3DL1*0000,KIR3DL1*00101,0.87662984267871
HG00100,KIR3DL1*0000,KIR3DL1*00501,0.869636070793783
HG00101,KIR3DL1*00401,KIR3DL1*01502,0.967844399820985
HG00102,KIR3DL1*00501,KIR3DL1*00501,0.922042358151594
HG00103,KIR3DL1*00401,KIR3DL1*00402,0.891476794122818
HG00105,KIR3DL1*0000,KIR3DL1*00501,0.885709991653657
HG00106,KIR3DL1*00101,KIR3DL1*00402,0.880833291943655
HG00107,KIR3DL1*00401,KIR3DL1*00901,0.810334788154303
HG00108,KIR3DL1*0000,KIR3DL1*00501,0.932711150474685
HG00109,KIR3DL1*00101,KIR3DL1*01502,0.930718671585003
HG00110,KIR3DL1*0000,KIR3DL1*00401,0.915245448139012
HG00111,KIR3DL1*00101,KIR3DL1*00801,0.959414551606841
HG00112,KIR3DL1*0000,KIR3DL1*0000,0.927801212904935
HG00113,KIR3DL1*00101,KIR3DL1*00401,0.73328366559407
HG00114,KIR3DL1*00101,KIR3DL1*01502,0.924913319275558
HG00115,KIR3DL1*0000,KIR3DL1*00101,0.827319173411293
HG00116,KIR3DL1*0000,KIR3DL1*00501,0.875759488809502
HG00117,KIR3DL1*00101,KIR3DL1*00101,0.948030346300074
HG00118,KIR3DL1*00101,KIR3DL1*00801,0.949035516553167
HG00119,KIR3DL1*00501,KIR3DL1*01502,0.975955088942325
HG00120,KIR3DL1*00101,KIR3DL1*00101,0.681667478139303
HG00121,KIR3DL1*00701,KIR3DL1*01502,0.96608739271321
HG00122,KIR3DL1*0000,KIR3DL1*00401,0.918888404451996
HG00123,KIR3DL1*0000,KIR3DL1*00701,0.935677329681429
HG00125,KIR3DL1*00101,KIR3DL1*00401,0.888546755804074
HG00126,KIR3DL1*00201,KIR3DL1*00501,0.944852397751058
HG00127,KIR3DL1*00201,KIR3DL1*00401,0.948052992867247
HG00129,KIR3DL1*00201,KIR3DL1*00401,0.93903522670353
HG00130,KIR3DL1*00101,KIR3DL1*00501,0.946447164523257
HG00131,KIR3DL1*00201,KIR3DL1*01502,0.955947763240138
HG00132,KIR3DL1*00501,KIR3DL1*00501,0.94082175270673
HG00133,KIR3DL1*0000,KIR3DL1*00401,0.941561168067997
HG00136,KIR3DL1*00101,KIR3DL1*01502,0.971740353701156
HG00137,KIR3DL1*00201,KIR3DL1*00801,0.933701200381923
HG00138,KIR3DL1*00201,KIR3DL1*00401,0.895205313154005
HG00139,KIR3DL1*00401,KIR3DL1*00501,0.939726316879714
HG00140,KIR3DL1*0000,KIR3DL1*00701,0.953006894757574
HG00141,KIR3DL1*00201,KIR3DL1*00501,0.946833857565428
HG00142,KIR3DL1*00201,KIR3DL1*00201,0.687445343143445
HG00143,KIR3DL1*00201,KIR3DL1*00401,0.899979900389501
HG00145,KIR3DL1*00101,KIR3DL1*00201,0.958410515190767
HG00146,KIR3DL1*0000,KIR3DL1*00401,0.879100697907632
HG00148,KIR3DL1*00101,KIR3DL1*00401,0.90893622009821
HG00150,KIR3DL1*0000,KIR3DL1*00401,0.942379100693177
HG00151,KIR3DL1*00101,KIR3DL1*00801,0.958004746653315
HG00154,KIR3DL1*00501,KIR3DL1*01502,0.943600150002897
HG00155,KIR3DL1*00201,KIR3DL1*00401,0.865547405002403
HG00158,KIR3DL1*0000,KIR3DL1*00201,0.907456485854072
HG00159,KIR3DL1*0000,KIR3DL1*00101,0.901221503824895
HG00160,KIR3DL1*00101,KIR3DL1*00201,0.963961739435693
HG00171,KIR3DL1*00401,KIR3DL1*01502,0.925972156760672
HG00173,KIR3DL1*0000,KIR3DL1*01502,0.828599377704971
HG00174,KIR3DL1*00401,KIR3DL1*00801,0.764465030266038
HG00176,KIR3DL1*00401,KIR3DL1*00501,0.832391805530502
HG00177,KIR3DL1*00201,KIR3DL1*00401,0.955749772169393
HG00178,KIR3DL1*0000,KIR3DL1*00201,0.851789467616886
HG00179,KIR3DL1*00501,KIR3DL1*00501,0.908331391725461
HG00180,KIR3DL1*00201,KIR3DL1*00401,0.949468242931995
HG00181,KIR3DL1*00101,KIR3DL1*00201,0.956610332831472
HG00182,KIR3DL1*0000,KIR3DL1*00501,0.904035277576188
HG00183,KIR3DL1*0000,KIR3DL1*01502,0.906972058462378
HG00185,KIR3DL1*00201,KIR3DL1*00701,0.922274928955131
HG00186,KIR3DL1*0000,KIR3DL1*00401,0.902454751015464
HG00187,KIR3DL1*00101,KIR3DL1*00201,0.945837210480706
HG00188,KIR3DL1*00201,KIR3DL1*01502,0.916167604054878
HG00189,KIR3DL1*0000,KIR3DL1*0000,0.905219534495671
HG00190,KIR3DL1*01502,KIR3DL1*02001,0.984274392491321
HG00231,KIR3DL1*00401,KIR3DL1*00401,0.857503009992493
HG00232,KIR3DL1*00101,KIR3DL1*00201,0.946597679982738
HG00233,KIR3DL1*0000,KIR3DL1*00401,0.891665425088174
HG00234,KIR3DL1*00401,KIR3DL1*00501,0.892368015426936
HG00235,KIR3DL1*00101,KIR3DL1*00801,0.953843516912619
HG00236,KIR3DL1*0000,KIR3DL1*00201,0.86786762291132
HG00237,KIR3DL1*00801,KIR3DL1*02001,0.925303117298645
HG00238,KIR3DL1*00501,KIR3DL1*00701,0.949298239290757
HG00239,KIR3DL1*0000,KIR3DL1*00101,0.908360700674023
HG00240,KIR3DL1*00501,KIR3DL1*00801,0.933615423128063
HG00242,KIR3DL1*00201,KIR3DL1*00401,0.95500871584383
HG00243,KIR3DL1*00201,KIR3DL1*00402,0.940573699273289
HG00244,KIR3DL1*00101,KIR3DL1*00101,0.938396383117792
HG00245,KIR3DL1*0000,KIR3DL1*00101,0.912710993299481
HG00246,KIR3DL1*00201,KIR3DL1*00501,0.879404344461576
HG00250,KIR3DL1*00201,KIR3DL1*00402,0.918910899291668
HG00251,KIR3DL1*0000,KIR3DL1*00401,0.944688126078618
HG00252,KIR3DL1*00101,KIR3DL1*00801,0.956022771627119
HG00253,KIR3DL1*0000,KIR3DL1*00101,0.946121032384756
HG00254,KIR3DL1*0000,KIR3DL1*00501,0.914589372291638
HG00255,KIR3DL1*0000,KIR3DL1*00501,0.842889628696001
HG00256,KIR3DL1*0000,KIR3DL1*01502,0.898329665347776
HG00257,KIR3DL1*00101,KIR3DL1*00201,0.958835940822585
HG00258,KIR3DL1*00501,KIR3DL1*00701,0.960850379218445
HG00259,KIR3DL1*00501,KIR3DL1*02001,0.965328265786046
HG00260,KIR3DL1*00101,KIR3DL1*00201,0.95585568042953
HG00261,KIR3DL1*00101,KIR3DL1*00201,0.942082818093465
HG00262,KIR3DL1*0000,KIR3DL1*0000,0.999800861307022
HG00263,KIR3DL1*00101,KIR3DL1*00401,0.920099574654441
HG00264,KIR3DL1*0000,KIR3DL1*00401,0.900068950095075
HG00265,KIR3DL1*00201,KIR3DL1*00901,0.847164914049352
